Species,Length,sample_size
Acanthurus dussumieri,31.9,4
Acanthurus dussumieri,31.2,4
Acanthurus dussumieri,25.2,4
Acanthurus dussumieri,28.9,4
Cheilodipterus arabicus,14.6,3
Cheilodipterus arabicus,13.7,3
Cheilodipterus arabicus,14.1,3
Taeniamia mozambiquensis,10.1,4
Taeniamia mozambiquensis,10.9,4
Taeniamia mozambiquensis,10.2,4
Taeniamia mozambiquensis,19.6,4
Strongylura leiura,56.7,3
Strongylura leiura,61.3,3
Strongylura leiura,59.4,3
Pterocaesio chrysozona,20.5,12
Pterocaesio chrysozona,19.5,12
Pterocaesio chrysozona,24.3,12
Pterocaesio chrysozona,24.2,12
Pterocaesio chrysozona,26.7,12
Pterocaesio chrysozona,24.7,12
Pterocaesio chrysozona,28.3,12
Pterocaesio chrysozona,27.6,12
Pterocaesio chrysozona,29.3,12
Pterocaesio chrysozona,19.4,12
Pterocaesio chrysozona,19.6,12
Pterocaesio chrysozona,18.1,12
Alepes djedaba,13.7,12
Alepes djedaba,12.2,12
Alepes djedaba,11.9,12
Alepes djedaba,16.1,12
Alepes djedaba,16.2,12
Alepes djedaba,16.8,12
Alepes djedaba,18.2,12
Alepes djedaba,13.9,12
Alepes djedaba,14.2,12
Alepes djedaba,12.6,12
Alepes djedaba,13.5,12
Alepes djedaba,11.6,12
Atule mate,24.2,43
Atule mate,24.4,43
Atule mate,23.6,43
Atule mate,24.9,43
Atule mate,25.8,43
Atule mate,26.7,43
Atule mate,25.4,43
Atule mate,15.2,43
Atule mate,15.1,43
Atule mate,27.6,43
Atule mate,29.2,43
Atule mate,32.2,43
Atule mate,26.3,43
Atule mate,24.5,43
Atule mate,22.7,43
Atule mate,23.4,43
Atule mate,24.6,43
Atule mate,24.2,43
Atule mate,23.4,43
Atule mate,23.1,43
Atule mate,23.6,43
Atule mate,14.7,43
Atule mate,15.6,43
Atule mate,19.6,43
Atule mate,19.3,43
Atule mate,17.8,43
Atule mate,20.8,43
Atule mate,20.1,43
Atule mate,19.7,43
Atule mate,19.1,43
Atule mate,17.8,43
Atule mate,17.6,43
Atule mate,18.9,43
Atule mate,15.5,43
Atule mate,14.9,43
Atule mate,23.6,43
Atule mate,26.4,43
Atule mate,26.8,43
Atule mate,17.8,43
Atule mate,18.9,43
Atule mate,24.7,43
Atule mate,23,43
Atule mate,22.9,43
Carangoides ciliarius,19.9,3
Carangoides ciliarius,20.2,3
Carangoides ciliarius,20.9,3
Carangoides gymnosthethus,33.2,4
Carangoides gymnosthethus,33.6,4
Carangoides gymnosthethus,29.4,4
Carangoides gymnosthethus,18.7,4
Carangoides malabaricus,20.9,27
Carangoides malabaricus,14.5,27
Carangoides malabaricus,16.7,27
Carangoides malabaricus,21.2,27
Carangoides malabaricus,18.6,27
Carangoides malabaricus,26.2,27
Carangoides malabaricus,25.6,27
Carangoides malabaricus,22.1,27
Carangoides malabaricus,20.9,27
Carangoides malabaricus,22.6,27
Carangoides malabaricus,23.7,27
Carangoides malabaricus,22.8,27
Carangoides malabaricus,23.9,27
Carangoides malabaricus,22.2,27
Carangoides malabaricus,22.1,27
Carangoides malabaricus,22.4,27
Carangoides malabaricus,15.9,27
Carangoides malabaricus,21.7,27
Carangoides malabaricus,19.8,27
Carangoides malabaricus,19.6,27
Carangoides malabaricus,21.9,27
Carangoides malabaricus,18.2,27
Carangoides malabaricus,20.5,27
Carangoides malabaricus,22.4,27
Carangoides malabaricus,22.9,27
Carangoides malabaricus,23.6,27
Carangoides malabaricus,21.6,27
Decapterus kurroides,29.4,3
Decapterus kurroides,30.7,3
Decapterus kurroides,27.6,3
Rastrelliger kanagurta,23.3,21
Rastrelliger kanagurta,24.5,21
Rastrelliger kanagurta,25.6,21
Scomberoides tol,24.8,9
Scomberoides tol,25.6,9
Scomberoides tol,25.2,9
Scomberoides tol,30.6,9
Scomberoides tol,29.9,9
Scomberoides tol,29.7,9
Scomberoides tol,38.6,9
Scomberoides tol,37.9,9
Scomberoides tol,36.1,9
Taeniura lymma,31,3
Taeniura lymma,59,3
Taeniura lymma,56,3
Sardinella albella,13.5,9
Sardinella albella,13.1,9
Sardinella albella,12.5,9
Sardinella albella,12.2,9
Sardinella albella,11.8,9
Sardinella albella,12.4,9
Sardinella albella,11.7,9
Sardinella albella,12.6,9
Sardinella albella,11.8,9
Sardinella longiceps,16.7,3
Sardinella longiceps,16.4,3
Sardinella longiceps,16.2,3
Sardinella neglecta,15.6,9
Sardinella neglecta,10.1,9
Sardinella neglecta,9.8,9
Sardinella neglecta,8.6,9
Sardinella neglecta,19.4,9
Sardinella neglecta,19.7,9
Sardinella neglecta,21.9,9
Sardinella neglecta,18.4,9
Sardinella neglecta,19.6,9
Encrasicholina heteroloba,9.7,7
Encrasicholina heteroloba,9.8,7
Encrasicholina heteroloba,10.1,7
Encrasicholina heteroloba,7.6,7
Encrasicholina heteroloba,7.8,7
Encrasicholina heteroloba,7.9,7
Encrasicholina heteroloba,16.7,7
Platax teira,23.1,3
Platax teira,16.6,3
Platax teira,14.8,3
Cephalopholis boenak,15.2,10
Cephalopholis boenak,15.9,10
Cephalopholis boenak,17.1,10
Cephalopholis boenak,21.5,10
Cephalopholis boenak,19.4,10
Cephalopholis boenak,18.6,10
Cephalopholis boenak,34.6,10
Cephalopholis boenak,16.1,10
Cephalopholis boenak,15.9,10
Cephalopholis boenak,16.7,10
Gerres longirostris,16.5,31
Gerres longirostris,15.9,31
Gerres longirostris,17.4,31
Gerres longirostris,15.1,31
Gerres longirostris,19.8,31
Gerres longirostris,17.7,31
Gerres longirostris,21.2,31
Gerres longirostris,22.2,31
Gerres longirostris,22.1,31
Gerres longirostris,15.9,31
Gerres longirostris,18.9,31
Gerres longirostris,18.1,31
Gerres longirostris,20.5,31
Gerres longirostris,14.7,31
Gerres longirostris,14.9,31
Gerres longirostris,20.1,31
Gerres longirostris,17.2,31
Gerres longirostris,21.8,31
Gerres longirostris,21.5,31
Gerres longirostris,22.1,31
Gerres longirostris,19.5,31
Gerres longirostris,21.6,31
Gerres longirostris,18.9,31
Gerres longirostris,15.6,31
Gerres longirostris,16.7,31
Gerres longirostris,17.4,31
Gerres longirostris,23.1,31
Gerres longirostris,20.4,31
Gerres longirostris,24.3,31
Gerres longirostris,15.5,31
Gerres longirostris,14.2,31
Gerres oblongus,19.9,18
Gerres oblongus,19.2,18
Gerres oblongus,15.8,18
Gerres oblongus,14.9,18
Gerres oblongus,16.7,18
Gerres oblongus,18.2,18
Gerres oblongus,15.5,18
Gerres oblongus,14.8,18
Gerres oblongus,18.1,18
Gerres oblongus,18.5,18
Gerres oblongus,16.1,18
Gerres oblongus,15.8,18
Gerres oblongus,16.1,18
Gerres oblongus,17.6,18
Gerres oblongus,20.1,18
Gerres oblongus,19.6,18
Gerres oblongus,16.3,18
Gerres oblongus,15.1,18
Gerres oyena,27,5
Gerres oyena,18.6,5
Gerres oyena,19.1,5
Gerres oyena,15.4,5
Gerres oyena,16.2,5
Plectorhinchus chubbi,30,3
Plectorhinchus chubbi,30,3
Plectorhinchus chubbi,28.5,3
Plectorhinchus schotaf,21.2,3
Plectorhinchus schotaf,19.6,3
Plectorhinchus schotaf,19.2,3
Plectorhinchus sordidus,20.6,6
Plectorhinchus sordidus,19.6,6
Plectorhinchus sordidus,19.1,6
Plectorhinchus sordidus,28.1,6
Plectorhinchus sordidus,26.2,6
Plectorhinchus sordidus,28.2,6
Plectorhinchus vittatus,16.7,4
Plectorhinchus vittatus,17.1,4
Plectorhinchus vittatus,17.9,4
Plectorhinchus vittatus,17.2,4
Hemiramphus far,32.7,12
Hemiramphus far,31.9,12
Hemiramphus far,38.6,12
Hemiramphus far,32.1,12
Hemiramphus far,33.2,12
Hemiramphus far,29.2,12
Hemiramphus far,19.6,12
Hemiramphus far,24.9,12
Hemiramphus far,25.2,12
Hemiramphus far,31.4,12
Hemiramphus far,29.9,12
Hemiramphus far,30,12
Hemiramphus marginatus,28.7,3
Hemiramphus marginatus,28.1,3
Hemiramphus marginatus,29.6,3
Hyporhamphus affinis,57.2,19
Hyporhamphus affinis,55.1,19
Hyporhamphus affinis,56.2,19
Hyporhamphus affinis,28.2,19
Hyporhamphus affinis,28.6,19
Hyporhamphus affinis,28.9,19
Hyporhamphus affinis,28.7,19
Hyporhamphus affinis,27.6,19
Hyporhamphus affinis,26.6,19
Hyporhamphus affinis,29.2,19
Hyporhamphus affinis,27.1,19
Hyporhamphus affinis,20.6,19
Hyporhamphus affinis,23.9,19
Hyporhamphus affinis,27.6,19
Hyporhamphus affinis,31.4,19
Hyporhamphus affinis,31.9,19
Hyporhamphus affinis,20.9,19
Hyporhamphus affinis,24.5,19
Hyporhamphus affinis,22.6,19
Hyporhamphus dussumieri,29.8,3
Hyporhamphus dussumieri,27.9,3
Hyporhamphus dussumieri,26.6,3
Myripristis berndti,23,4
Myripristis berndti,18,4
Myripristis berndti,24,4
Myripristis berndti,34,4
Cheilinus trilobatus,28,4
Cheilinus trilobatus,16.5,4
Cheilinus trilobatus,20.1,4
Cheilinus trilobatus,16.8,4
Cheilio inermis,25.5,4
Cheilio inermis,25.4,4
Cheilio inermis,27.5,4
Cheilio inermis,33.6,4
Lethrinus borbonicus,24,6
Lethrinus borbonicus,23,6
Lethrinus borbonicus,24,6
Lethrinus borbonicus,14.5,6
Lethrinus borbonicus,18.5,6
Lethrinus borbonicus,18.5,6
Lethrinus harak,22.5,26
Lethrinus harak,21,26
Lethrinus harak,19.5,26
Lethrinus harak,18,26
Lethrinus harak,25,26
Lethrinus harak,28,26
Lethrinus harak,28,26
Lethrinus harak,27,26
Lethrinus harak,29.8,26
Lethrinus harak,19.2,26
Lethrinus harak,21.8,26
Lethrinus harak,18.6,26
Lethrinus harak,18.6,26
Lethrinus harak,23.1,26
Lethrinus harak,17.9,26
Lethrinus harak,20.5,26
Lethrinus harak,17.6,26
Lethrinus harak,17.2,26
Lethrinus harak,17.8,26
Lethrinus harak,16.6,26
Lethrinus harak,17.7,26
Lethrinus harak,18.9,26
Lethrinus harak,21.2,26
Lethrinus lentjan,21.5,68
Lethrinus lentjan,28.5,68
Lethrinus lentjan,13.4,68
Lethrinus lentjan,15.6,68
Lethrinus lentjan,18.4,68
Lethrinus lentjan,20.3,68
Lethrinus lentjan,17.2,68
Lethrinus lentjan,19.4,68
Lethrinus lentjan,19.7,68
Lethrinus lentjan,25.6,68
Lethrinus lentjan,23.4,68
Lethrinus lentjan,26.8,68
Lethrinus lentjan,19.1,68
Lethrinus lentjan,17.4,68
Lethrinus lentjan,16.9,68
Lethrinus lentjan,14.4,68
Lethrinus lentjan,19.6,68
Lethrinus lentjan,15.7,68
Lethrinus lentjan,17.9,68
Lethrinus lentjan,20.2,68
Lethrinus lentjan,21.6,68
Lethrinus lentjan,14.9,68
Lethrinus lentjan,15.4,68
Lethrinus lentjan,16.8,68
Lethrinus lentjan,17.1,68
Lethrinus lentjan,20.1,68
Lethrinus lentjan,17.4,68
Lethrinus lentjan,17.2,68
Lethrinus lentjan,16.6,68
Lethrinus lentjan,15.8,68
Lethrinus lentjan,18.1,68
Lethrinus lentjan,21.2,68
Lethrinus lentjan,20.6,68
Lethrinus lentjan,17.9,68
Lethrinus lentjan,17.8,68
Lethrinus lentjan,20.5,68
Lethrinus lentjan,17.6,68
Lethrinus lentjan,20.8,68
Lethrinus lentjan,17.9,68
Lethrinus lentjan,15.6,68
Lethrinus lentjan,17.7,68
Lethrinus lentjan,17.8,68
Lethrinus lentjan,17.7,68
Lethrinus lentjan,16.8,68
Lethrinus lentjan,16.9,68
Lethrinus lentjan,24.1,68
Lethrinus lentjan,19.6,68
Lethrinus lentjan,22.6,68
Lethrinus lentjan,21.1,68
Lethrinus lentjan,20.1,68
Lethrinus lentjan,21.2,68
Lethrinus lentjan,19.9,68
Lethrinus lentjan,21.5,68
Lethrinus lentjan,22.1,68
Lethrinus lentjan,21.9,68
Lethrinus lentjan,22.9,68
Lethrinus lentjan,20.1,68
Lethrinus lentjan,20.1,68
Lethrinus lentjan,20.5,68
Lethrinus lentjan,17.1,68
Lethrinus lentjan,18.6,68
Lethrinus lentjan,15.5,68
Lethrinus lentjan,17.4,68
Lethrinus lentjan,18.4,68
Lethrinus lentjan,16.1,68
Lethrinus lentjan,17.3,68
Lethrinus lentjan,18.9,68
Lethrinus mahsena,31,16
Lethrinus mahsena,35.5,16
Lethrinus mahsena,36,16
Lethrinus mahsena,25.5,16
Lethrinus mahsena,30,16
Lethrinus mahsena,23.5,16
Lethrinus mahsena,18,16
Lethrinus mahsena,16,16
Lethrinus mahsena,15.5,16
Lethrinus mahsena,33.2,16
Lethrinus mahsena,17.1,16
Lethrinus mahsena,20.1,16
Lethrinus mahsena,16.2,16
Lethrinus mahsena,15.1,16
Lethrinus mahsena,17.8,16
Lethrinus mahsena,19.5,16
Lethrinus microdon,26.5,3
Lethrinus microdon,27,3
Lethrinus microdon,34,3
Lethrinus obsoletus,21.2,7
Lethrinus obsoletus,19.6,7
Lethrinus obsoletus,21.8,7
Lethrinus obsoletus,18.4,7
Lethrinus obsoletus,18.7,7
Lethrinus obsoletus,19.6,7
Lethrinus obsoletus,17.8,7
Lethrinus olivaceus,29,8
Lethrinus olivaceus,28,8
Lethrinus olivaceus,33.1,8
Lethrinus olivaceus,15.8,8
Lethrinus olivaceus,16.4,8
Lethrinus olivaceus,16.6,8
Lethrinus olivaceus,19.4,8
Lethrinus olivaceus,14.5,8
Lethrinus rubrioperculatus,26,6
Lethrinus rubrioperculatus,26,6
Lethrinus rubrioperculatus,25,6
Lethrinus rubrioperculatus,28,6
Lethrinus rubrioperculatus,23.6,6
Lethrinus rubrioperculatus,25.5,6
Lethrinus variegatus,20,3
Lethrinus variegatus,19,3
Lethrinus variegatus,16.4,3
Lethrinus harak,24.9,26
Lethrinus harak,25.9,26
Lethrinus harak,20.4,26
Lethrinus lentjan,22.5,68
Monotaxis grandoculis,18.8,6
Monotaxis grandoculis,19.7,6
Monotaxis grandoculis,18.5,6
Monotaxis grandoculis,19.5,6
Monotaxis grandoculis,18.3,6
Monotaxis grandoculis,20.1,6
Lutjanus argentimaculatus,19,10
Lutjanus argentimaculatus,16.5,10
Lutjanus argentimaculatus,18.5,10
Lutjanus argentimaculatus,18.5,10
Lutjanus argentimaculatus,20,10
Lutjanus argentimaculatus,17.5,10
Lutjanus argentimaculatus,19,10
Lutjanus argentimaculatus,18,10
Lutjanus argentimaculatus,19,10
Lutjanus argentimaculatus,19,10
Lutjanus fulviflamma,20,37
Lutjanus fulviflamma,15,37
Lutjanus fulviflamma,14,37
Lutjanus fulviflamma,20.5,37
Lutjanus fulviflamma,22.5,37
Lutjanus fulviflamma,17,37
Lutjanus fulviflamma,16,37
Lutjanus fulviflamma,15,37
Lutjanus fulviflamma,20.9,37
Lutjanus fulviflamma,21.1,37
Lutjanus fulviflamma,19.5,37
Lutjanus fulviflamma,19.7,37
Lutjanus fulviflamma,19.6,37
Lutjanus fulviflamma,18.6,37
Lutjanus fulviflamma,18.4,37
Lutjanus fulviflamma,14.6,37
Lutjanus fulviflamma,23.8,37
Lutjanus fulviflamma,20.9,37
Lutjanus fulviflamma,19.6,37
Lutjanus fulviflamma,23.4,37
Lutjanus fulviflamma,22.2,37
Lutjanus fulviflamma,17.9,37
Lutjanus fulviflamma,16.9,37
Lutjanus fulviflamma,17.9,37
Lutjanus fulviflamma,16.8,37
Lutjanus fulviflamma,22.2,37
Lutjanus fulviflamma,21.6,37
Lutjanus fulviflamma,24.7,37
Lutjanus fulviflamma,18.9,37
Lutjanus kasmira,19,6
Lutjanus kasmira,18.5,6
Lutjanus kasmira,18.5,6
Lutjanus kasmira,18.1,6
Lutjanus kasmira,17.2,6
Lutjanus kasmira,14.9,6
Lutjanus lutjanus,16.9,35
Lutjanus lutjanus,15.7,35
Lutjanus lutjanus,14.5,35
Lutjanus lutjanus,15.4,35
Lutjanus lutjanus,15.2,35
Lutjanus lutjanus,16.2,35
Lutjanus lutjanus,16.9,35
Lutjanus lutjanus,15.4,35
Lutjanus lutjanus,15.2,35
Lutjanus lutjanus,18.2,35
Lutjanus lutjanus,18.4,35
Lutjanus lutjanus,18.3,35
Lutjanus lutjanus,18.6,35
Lutjanus lutjanus,16.4,35
Lutjanus lutjanus,15.4,35
Lutjanus lutjanus,14.9,35
Lutjanus lutjanus,15.2,35
Lutjanus lutjanus,19.6,35
Lutjanus lutjanus,14.2,35
Lutjanus lutjanus,16.2,35
Lutjanus lutjanus,12.6,35
Lutjanus lutjanus,13.4,35
Lutjanus lutjanus,17.9,35
Lutjanus lutjanus,18.2,35
Lutjanus lutjanus,14.7,35
Lutjanus fulviflamma,17.8,37
Lutjanus fulviflamma,17.2,37
Lutjanus fulviflamma,20.5,37
Lutjanus fulviflamma,18.9,37
Lutjanus fulviflamma,18.6,37
Lutjanus fulviflamma,17.4,37
Lutjanus fulviflamma,17,37
Lutjanus fulviflamma,20.2,37
Lutjanus lutjanus,15.4,35
Lutjanus lutjanus,15.7,35
Lutjanus lutjanus,17.2,35
Lutjanus lutjanus,17.8,35
Lutjanus lutjanus,13.2,35
Lutjanus lutjanus,15.1,35
Lutjanus lutjanus,13.2,35
Lutjanus lutjanus,14.1,35
Lutjanus lutjanus,14.2,35
Lutjanus lutjanus,18.5,35
Mulloidichthys vanicolensis,32.1,3
Mulloidichthys vanicolensis,29.6,3
Mulloidichthys vanicolensis,22.6,3
Parupeneus barberinus,28.5,8
Parupeneus barberinus,28,8
Parupeneus barberinus,28,8
Parupeneus barberinus,33,8
Parupeneus barberinus,18.9,8
Parupeneus barberinus,24.1,8
Parupeneus barberinus,21.9,8
Parupeneus barberinus,22.4,8
Parupeneus cyclostomus,36,3
Parupeneus cyclostomus,30,3
Parupeneus cyclostomus,34,3
Parupeneus heptacanthus,19,28
Parupeneus heptacanthus,21,28
Parupeneus heptacanthus,23,28
Parupeneus heptacanthus,23,28
Parupeneus heptacanthus,19.1,28
Parupeneus heptacanthus,18.5,28
Parupeneus heptacanthus,21.6,28
Parupeneus heptacanthus,22.1,28
Parupeneus heptacanthus,16.1,28
Parupeneus heptacanthus,12.8,28
Parupeneus heptacanthus,14.8,28
Parupeneus heptacanthus,15.6,28
Parupeneus heptacanthus,15.8,28
Parupeneus heptacanthus,15.6,28
Parupeneus heptacanthus,15.8,28
Parupeneus heptacanthus,18.9,28
Parupeneus heptacanthus,24.1,28
Parupeneus heptacanthus,22.4,28
Parupeneus heptacanthus,20.6,28
Parupeneus heptacanthus,21.4,28
Parupeneus heptacanthus,23.7,28
Parupeneus heptacanthus,23.9,28
Parupeneus heptacanthus,21.6,28
Parupeneus indicus,23.2,3
Parupeneus indicus,21.9,3
Parupeneus indicus,19.3,3
Parupeneus macronemus,19.5,23
Parupeneus macronemus,15,23
Parupeneus macronemus,15,23
Parupeneus macronemus,18,23
Parupeneus macronemus,16,23
Parupeneus macronemus,21,23
Parupeneus macronemus,20.3,23
Parupeneus macronemus,21.1,23
Parupeneus macronemus,20.2,23
Parupeneus macronemus,19.9,23
Parupeneus macronemus,20.6,23
Parupeneus macronemus,22.2,23
Parupeneus macronemus,21.9,23
Parupeneus macronemus,18.9,23
Parupeneus macronemus,19.2,23
Parupeneus macronemus,22.4,23
Parupeneus macronemus,18.2,23
Parupeneus macronemus,18.8,23
Parupeneus macronemus,17.1,23
Parupeneus macronemus,18.9,23
Parupeneus macronemus,19.6,23
Parupeneus macronemus,17.9,23
Parupeneus macronemus,16.9,23
Parupeneus heptacanthus,23.8,28
Parupeneus heptacanthus,22.2,28
Parupeneus heptacanthus,18.1,28
Parupeneus heptacanthus,17.9,28
Upeneus saiab,12.7,5
Upeneus saiab,15.1,5
Upeneus saiab,15.5,5
Upeneus saiab,21.8,5
Upeneus saiab,17.4,5
Upeneus vittatus,20.1,12
Upeneus vittatus,19.8,12
Upeneus vittatus,20.2,12
Upeneus vittatus,20.6,12
Upeneus vittatus,20.7,12
Upeneus vittatus,14.9,12
Upeneus vittatus,15.4,12
Upeneus vittatus,16.1,12
Upeneus vittatus,20.7,12
Upeneus vittatus,19.2,12
Upeneus vittatus,19.7,12
Upeneus vittatus,19.1,12
Scolopsis bimaculata,16.8,11
Scolopsis bimaculata,29.1,11
Scolopsis bimaculata,18.6,11
Scolopsis bimaculata,16.9,11
Scolopsis bimaculata,20.8,11
Scolopsis bimaculata,13.9,11
Scolopsis bimaculata,18.1,11
Scolopsis bimaculata,18.5,11
Scolopsis bimaculata,17.6,11
Scolopsis bimaculata,17.9,11
Scolopsis bimaculata,23,11
Scolopsis ghanam,21,6
Scolopsis ghanam,17.2,6
Scolopsis ghanam,17.6,6
Scolopsis ghanam,15.3,6
Scolopsis ghanam,16.8,6
Scolopsis ghanam,21.7,6
Priacanthus hamrur,21.9,4
Priacanthus hamrur,25.1,4
Priacanthus hamrur,29.3,4
Priacanthus hamrur,22,4
Parupeneus heptacanthus,26,28
Calotomus carolinus,20,3
Calotomus carolinus,20,3
Calotomus carolinus,27,3
Leptoscarus vaigiensis,23.5,39
Leptoscarus vaigiensis,20,39
Leptoscarus vaigiensis,20,39
Leptoscarus vaigiensis,19,39
Leptoscarus vaigiensis,23,39
Leptoscarus vaigiensis,18,39
Leptoscarus vaigiensis,21,39
Leptoscarus vaigiensis,23,39
Leptoscarus vaigiensis,24,39
Leptoscarus vaigiensis,23,39
Leptoscarus vaigiensis,23,39
Leptoscarus vaigiensis,23.6,39
Leptoscarus vaigiensis,24.4,39
Leptoscarus vaigiensis,26.9,39
Leptoscarus vaigiensis,25.6,39
Leptoscarus vaigiensis,18.1,39
Leptoscarus vaigiensis,18.9,39
Leptoscarus vaigiensis,19.6,39
Leptoscarus vaigiensis,19.4,39
Leptoscarus vaigiensis,21.2,39
Leptoscarus vaigiensis,18.2,39
Leptoscarus vaigiensis,22.3,39
Leptoscarus vaigiensis,20.6,39
Leptoscarus vaigiensis,24.2,39
Leptoscarus vaigiensis,25.6,39
Leptoscarus vaigiensis,26.1,39
Leptoscarus vaigiensis,25.2,39
Leptoscarus vaigiensis,25.5,39
Leptoscarus vaigiensis,27.8,39
Leptoscarus vaigiensis,22.5,39
Leptoscarus vaigiensis,22.2,39
Leptoscarus vaigiensis,18.7,39
Leptoscarus vaigiensis,15.6,39
Leptoscarus vaigiensis,17.4,39
Leptoscarus vaigiensis,27.8,39
Leptoscarus vaigiensis,22.5,39
Leptoscarus vaigiensis,22.2,39
Leptoscarus vaigiensis,21.4,39
Leptoscarus vaigiensis,12.9,39
Scarus ghobban,35,22
Scarus ghobban,37.5,22
Scarus ghobban,37.5,22
Scarus ghobban,40,22
Scarus ghobban,41,22
Scarus ghobban,44.5,22
Scarus ghobban,39.5,22
Scarus ghobban,16.5,22
Scarus ghobban,21.5,22
Scarus ghobban,24.5,22
Scarus ghobban,24,22
Scarus ghobban,32,22
Scarus ghobban,37,22
Scarus ghobban,23,22
Scarus ghobban,31.8,22
Scarus ghobban,26.4,22
Scarus ghobban,22.9,22
Scarus ghobban,22.2,22
Scarus ghobban,23.1,22
Scarus ghobban,17.6,22
Scarus ghobban,19.6,22
Scarus ghobban,19.9,22
Scarus globiceps,39,3
Scarus psittacus,22,4
Scarus psittacus,27.5,4
Scarus psittacus,29,4
Scarus psittacus,28.5,4
Euthynnus affinis,29.1,3
Euthynnus affinis,32.7,3
Euthynnus affinis,33.6,3
Rastrelliger kanagurta,23.1,21
Rastrelliger kanagurta,24.2,21
Rastrelliger kanagurta,24.7,21
Rastrelliger kanagurta,24.4,21
Rastrelliger kanagurta,24.9,21
Rastrelliger kanagurta,24.6,21
Rastrelliger kanagurta,25.5,21
Rastrelliger kanagurta,22.2,21
Rastrelliger kanagurta,22.7,21
Rastrelliger kanagurta,23.8,21
Rastrelliger kanagurta,17.1,21
Rastrelliger kanagurta,18.6,21
Rastrelliger kanagurta,22.4,21
Rastrelliger kanagurta,17.1,21
Rastrelliger kanagurta,18.6,21
Rastrelliger kanagurta,21.4,21
Rastrelliger kanagurta,15.1,21
Rastrelliger kanagurta,17.8,21
Scarus globiceps,20,3
Scarus globiceps,29,3
Siganus canaliculatus,17.9,7
Siganus canaliculatus,18.4,7
Siganus canaliculatus,15.5,7
Siganus canaliculatus,20.4,7
Siganus canaliculatus,30.6,7
Siganus canaliculatus,33.7,7
Siganus canaliculatus,34.1,7
Siganus sutor,19,111
Siganus sutor,18,111
Siganus sutor,19.5,111
Siganus sutor,20,111
Siganus sutor,14.5,111
Siganus sutor,17.5,111
Siganus sutor,24,111
Siganus sutor,20.5,111
Siganus sutor,34,111
Siganus sutor,29.5,111
Siganus sutor,30.5,111
Siganus sutor,34,111
Siganus sutor,33,111
Siganus sutor,32,111
Siganus sutor,20,111
Siganus sutor,33,111
Siganus sutor,29,111
Siganus sutor,27.5,111
Siganus sutor,33,111
Siganus sutor,27,111
Siganus sutor,28,111
Siganus sutor,30,111
Siganus sutor,26,111
Siganus sutor,35.5,111
Siganus sutor,29,111
Siganus sutor,33,111
Siganus sutor,35,111
Siganus sutor,28,111
Siganus sutor,31,111
Siganus sutor,35,111
Siganus sutor,28,111
Siganus sutor,29,111
Siganus sutor,28,111
Siganus sutor,21.5,111
Siganus sutor,22,111
Siganus sutor,29,111
Siganus sutor,30.5,111
Siganus sutor,17.5,111
Siganus sutor,31,111
Siganus sutor,34,111
Siganus sutor,32,111
Siganus sutor,23.5,111
Siganus sutor,33,111
Siganus sutor,24,111
Siganus sutor,30,111
Siganus sutor,27.5,111
Siganus sutor,24,111
Siganus sutor,23,111
Siganus sutor,17.5,111
Siganus sutor,22,111
Siganus sutor,31,111
Siganus sutor,31,111
Siganus sutor,26,111
Siganus sutor,32,111
Siganus sutor,33,111
Siganus sutor,33,111
Siganus sutor,33.5,111
Siganus sutor,32.5,111
Siganus sutor,35,111
Siganus sutor,35.5,111
Siganus sutor,31.5,111
Siganus sutor,34.5,111
Siganus sutor,24,111
Siganus sutor,24,111
Siganus sutor,30,111
Siganus sutor,28,111
Siganus sutor,27,111
Siganus sutor,22,111
Siganus sutor,29,111
Siganus sutor,25.8,111
Siganus sutor,26,111
Siganus sutor,27,111
Siganus sutor,22.1,111
Siganus sutor,18.4,111
Siganus sutor,14.4,111
Siganus sutor,21.5,111
Siganus sutor,21.7,111
Siganus sutor,21.2,111
Siganus sutor,25.6,111
Siganus sutor,26.1,111
Siganus sutor,30.2,111
Siganus sutor,28.1,111
Siganus sutor,22.4,111
Siganus sutor,21.6,111
Siganus sutor,21.5,111
Siganus sutor,23.2,111
Siganus sutor,19.1,111
Siganus sutor,21.6,111
Siganus sutor,21.4,111
Siganus sutor,21.2,111
Siganus sutor,20.7,111
Siganus sutor,23.4,111
Siganus sutor,22.6,111
Siganus sutor,13.1,111
Siganus sutor,21.9,111
Siganus sutor,13.1,111
Siganus sutor,21.9,111
Siganus sutor,23.7,111
Siganus sutor,17,111
Siganus sutor,21.4,111
Siganus sutor,20.9,111
Siganus sutor,19.5,111
Siganus sutor,22.6,111
Siganus sutor,20.9,111
Siganus sutor,19.9,111
Siganus sutor,21.1,111
Siganus sutor,20.6,111
Siganus sutor,30.6,111
Siganus sutor,33.7,111
Siganus sutor,34.1,111
Siganus sutor,17.5,111
Sphyraena barracuda,30,17
Sphyraena barracuda,27.5,17
Sphyraena barracuda,25,17
Sphyraena barracuda,25,17
Sphyraena barracuda,24,17
Sphyraena barracuda,24.5,17
Sphyraena barracuda,21.2,17
Sphyraena barracuda,22.7,17
Sphyraena barracuda,22.7,17
Sphyraena barracuda,20.6,17
Sphyraena barracuda,21.5,17
Sphyraena barracuda,21.7,17
Sphyraena barracuda,21.5,17
Sphyraena barracuda,22.7,17
Sphyraena barracuda,20.6,17
Sphyraena barracuda,23.4,17
Sphyraena barracuda,24.1,17
Sphyraena flavicauda,34.3,3
Sphyraena flavicauda,27.1,3
Sphyraena flavicauda,23.4,3
Sphyraena obtusata,22.1,49
Sphyraena obtusata,19.7,49
Sphyraena obtusata,18.1,49
Sphyraena obtusata,22.9,49
Sphyraena obtusata,22.6,49
Sphyraena obtusata,21.7,49
Sphyraena obtusata,20.8,49
Sphyraena obtusata,23.4,49
Sphyraena obtusata,24.6,49
Sphyraena obtusata,23.2,49
Sphyraena obtusata,19.6,49
Sphyraena obtusata,18.7,49
Sphyraena obtusata,21.2,49
Sphyraena obtusata,19.8,49
Sphyraena obtusata,18.3,49
Sphyraena obtusata,21.9,49
Sphyraena obtusata,21.2,49
Sphyraena obtusata,19.2,49
Sphyraena obtusata,19.7,49
Sphyraena obtusata,21.2,49
Sphyraena obtusata,20.9,49
Sphyraena obtusata,22.4,49
Sphyraena obtusata,24.8,49
Sphyraena obtusata,21.6,49
Sphyraena obtusata,21.2,49
Sphyraena obtusata,22.7,49
Sphyraena obtusata,21.6,49
Sphyraena obtusata,21.6,49
Sphyraena obtusata,21.6,49
Sphyraena obtusata,19.4,49
Sphyraena obtusata,19.9,49
Sphyraena obtusata,20.9,49
Sphyraena obtusata,20.6,49
Sphyraena obtusata,20.2,49
Sphyraena obtusata,21.4,49
Sphyraena obtusata,19.1,49
Sphyraena obtusata,21.6,49
Sphyraena obtusata,18.9,49
Sphyraena obtusata,19.2,49
Sphyraena obtusata,20.6,49
Sphyraena obtusata,20.7,49
Sphyraena obtusata,21.1,49
Sphyraena obtusata,20.9,49
Sphyraena obtusata,21.4,49
Sphyraena obtusata,19.4,49
Sphyraena obtusata,19.1,49
Sphyraena obtusata,20.1,49
Sphyraena obtusata,20,49
Sphyraena obtusata,19.9,49
Terapon jarbua,20.9,3
Terapon jarbua,21.2,3
Terapon jarbua,18.5,3
